{"train_loss": [2.1094140056380652, 2.0199139915910878, 2.0012244900366416, 1.9736124277114868, 1.9107048260538202, 1.8629812405521708, 1.8356682474451853, 1.795581581000995, 1.7310850467896999, 1.7540576180121057, 1.7008844596102721, 1.6667951677078592, 1.6771573590156728, 1.637824623208297, 1.6083981219987225, 1.579070043743105, 1.55790394679048, 1.5442284668298591, 1.532742216174764, 1.5117175605960358, 1.5351120959547229, 1.4996326211699866, 1.4686097354817211, 1.4739748544262765, 1.4717815827606315, 1.4341801655919928, 1.4667987644224239, 1.431051396785822, 1.4229424793021124, 1.3813630893714446, 1.3450138815363546, 1.3675997467865622, 1.3447596999935638, 1.328034934692813, 1.3519046467945988, 1.333833136056599, 1.2979442513078676, 1.3117212585936813, 1.2997881496759285, 1.299158657851972, 1.2901522418610136, 1.2844084855309106, 1.2607094134603227, 1.2510465728609186, 1.289039233125242, 1.2568157906819106, 1.27364335606869, 1.258925830063067, 1.239354978378554, 1.2560755359499078], "val_loss": [2.0761054824380314, 2.0038347594878254, 2.106175520840813, 2.0042577140471516, 2.196344922570621, 1.8959542512893677, 1.903366951381459, 1.9580910766825956, 1.8674763441085815, 2.152139102711397, 1.8313068782582003, 1.747694681672489, 1.7809355679680319, 2.252282409106984, 1.9721743990393246, 1.9795431179158829, 1.5941386152716244, 1.601472539060256, 1.5491342684801888, 2.1118640969781315, 1.4395429737427656, 1.5582863933899824, 1.5226713489083683, 1.37607082899879, 1.528071543749641, 1.4715580028646134, 1.7468118597479427, 1.4441057864357443, 1.627233624458313, 1.2601746811586267, 1.4117552953607895, 1.4163561007555794, 1.3546585896435905, 1.2868000058566822, 1.2248560610939474, 1.3219189293244307, 1.21751447986154, 1.281977751675774, 1.5151692208121805, 1.8754729453255148, 1.3789352318819832, 1.218088886317085, 1.1817225778804106, 1.21241197866552, 1.2346759333330042, 1.344749177203459, 1.3894384538426119, 1.2512389561709236, 1.1825558017281925, 1.214207046172198]}