{"train_loss": [2.123363989636414, 2.0484484371386076, 1.984994297637079, 1.9368841710843538, 1.8792114903156023, 1.8222137653738035, 1.77248503928794, 1.747282151889084, 1.697967511370666, 1.6801432622106451, 1.6661778365759026, 1.6580374025760736, 1.6137425191420363, 1.5832175446632213, 1.5818068102786416, 1.544765880233363, 1.5476050287261045, 1.4921661955969674, 1.5007584372857459, 1.4789530316689856, 1.495190503902005, 1.4452814213315348, 1.44396628383407, 1.4199790918737425, 1.4212815887049626, 1.4349907977240426, 1.4063798870359148, 1.3911515796991218, 1.367874314910487, 1.3847885539657192, 1.320495821479568, 1.3310987649107338, 1.3135641409938497, 1.3313601989495127, 1.3121554470600043, 1.300309183454155, 1.2925590801059752, 1.3025735069934588, 1.2770200739229531, 1.2749843817008168, 1.2623831217450308, 1.2681212994389068, 1.275173104347143, 1.2323362867634995, 1.234387535349767, 1.2343375118155229, 1.2517737307046588, 1.2036957028216886, 1.2335503670506012, 1.2492124178355797, 1.226606505705898, 1.2088489214280493, 1.2236187229479165, 1.211624867037723, 1.2113115070457745, 1.2160189048688215, 1.2123240071131771, 1.201065901078676, 1.1999068685940333, 1.1950584569371732, 1.1823296605196214, 1.201101733777756, 1.1876601437876995, 1.2026827012685906, 1.1639409387918342, 1.1621920067564886, 1.1927010273574887, 1.1781877270318513, 1.1967254379638155, 1.164383752453596], "val_loss": [2.0735455961788403, 2.04865642154918, 2.031028754570905, 2.0387123402427223, 1.8635362947688383, 1.8323861290426815, 1.9910270676893347, 1.988133100902333, 1.8259747308843277, 1.8533211455625647, 1.621683864032521, 1.7796447767930872, 1.705352180144366, 1.8177590229932, 1.6331424783257877, 1.5725268265780281, 1.5659312360426958, 2.0727680430692783, 1.4601405438254862, 1.51555256282582, 1.476708496318144, 1.4563457685358383, 1.3570277901256786, 1.581146107000463, 1.3193187994115494, 1.5208912807352402, 1.9685369169010836, 1.406952696688035, 1.3354378728305591, 1.3478878315757303, 1.245579579297234, 1.240069775020375, 1.4633308719186222, 1.3690946733250338, 1.4693550362306482, 1.2181921425987692, 1.1696055987301994, 1.2399424805360681, 1.2255650197758394, 1.2686242356019861, 1.2616684857536764, 1.2581515031702377, 1.293720056028927, 1.2105743043562944, 1.3493377671522253, 1.1551998047267689, 1.261530083768508, 1.3427579122431137, 1.154937207698822, 1.165785319664899, 1.3279285360785091, 1.1913499481537764, 1.1772913161446066, 1.1631778653930216, 1.1592025862020605, 1.1866964171914494, 1.205211506170385, 1.1299580616109512, 1.1783039499731625, 1.1817927535842447, 1.1592374689438765, 1.1631130751441507, 1.1564072791267843, 1.204065435072955, 1.15642030098859, 1.1511935802067028, 1.1312940366127913, 1.1655711075838875, 1.1631568249534159, 1.1473793527659248]}