{"train_loss": [2.0524230483752577, 1.9318525275187706, 1.8528041892976903, 1.8100328463227002, 1.7555238702403966, 1.7246117360556303, 1.6544979864092015, 1.6440075618117602, 1.6162128234977153, 1.558658925455008, 1.5451307794941005, 1.5086594037155607, 1.4955684195703536, 1.424025379010101, 1.447143723715597, 1.421507799803321, 1.3711553367216196, 1.3576438587103317, 1.3607317440545381, 1.3022450075220706, 1.3103309051314396, 1.2941674652384287, 1.2401929097389108, 1.2322009766279762, 1.1914070177434095, 1.1897327953310155, 1.1605898809077135, 1.1311340465474484, 1.1712912241024758, 1.1244049908509894, 1.0743704278077653, 1.072232104949097, 1.0868230524347788, 1.0929553980257973, 1.0272831712196122, 1.0245682614952771, 0.9909563794064877, 1.0032285131625276, 0.9971289705874314, 0.9268933223254645, 0.9097207446596516, 0.8890516001786759, 0.9159772031342805, 0.8854084308467695, 0.8951348012952662, 0.8421425837189404, 0.8534382661776756, 0.8268093164287397, 0.8306227788996341, 0.8148371933111503, 0.776494005722786, 0.7642801332829604, 0.8174664360373768, 0.7927883480911824, 0.8228235307024486, 0.7838036782705962, 0.7896129079719088, 0.7703588391417888, 0.8024976449226265, 0.7622007309500851, 0.8108501167439702, 0.7402781319262376, 0.77233168794148, 0.7387657103253834, 0.7557780013155582, 0.7617718114781735, 0.7394834596719315, 0.7512061293445417, 0.7461688776514424, 0.7442484382373183, 0.7127073496135313, 0.7521886282892369, 0.7256877475710057, 0.7259729962740371, 0.7226040149802593, 0.6963829193542252, 0.7289454794641751, 0.7000210049437053, 0.7100759633441469, 0.7270921139574763, 0.7213178437147567, 0.6994508006679478, 0.6933284001563912, 0.7047879473486943, 0.7200624876057924, 0.7184713211522173, 0.707728006501696, 0.6986260147237066, 0.6992013027418905, 0.7302711792846224, 0.7109987219767784, 0.7322681568451782], "val_loss": [2.2883579995897083, 1.951189054383172, 1.8818255927827623, 1.819158090485467, 2.148030334048801, 1.6314754883448284, 1.595906866921319, 1.6172225342856512, 1.9673538208007812, 1.5717924568388197, 1.913738979233636, 1.6437398195266724, 2.073995179600186, 1.3794116179148357, 1.793822659386529, 1.551789018842909, 1.4851074748569064, 1.841737190882365, 1.345628751648797, 1.844065268834432, 1.655635330412123, 1.3721661567687988, 1.2891029251946344, 1.632912622557746, 1.4534106387032404, 1.330786731508043, 1.2257675329844158, 1.684173795912001, 1.2257613473468356, 1.2183540529674954, 1.1099751128090753, 1.241863979233636, 1.179740799797906, 1.0738552411397297, 1.2767382860183716, 1.164237790637546, 1.3679860830307007, 1.0983724726570978, 1.202837798330519, 0.990329729186164, 1.0291700098249648, 0.9780280854966905, 1.0778004792001512, 1.0228255920939975, 1.0048298968209162, 1.0466224882337782, 1.119027190738254, 0.9592479798528883, 1.0846099191241794, 0.9290804730521308, 0.957723531458113, 0.8989451064003838, 0.8689616256290011, 0.9222307668791877, 0.8925192223654853, 0.8678309520085653, 0.945462167263031, 0.8866002625889249, 0.9106706844435798, 1.053443451722463, 0.8879332741101583, 0.8682650592592027, 0.8619532452689277, 0.8296413421630859, 0.9026389055781894, 0.843857122792138, 0.8943814039230347, 0.8780012726783752, 0.8924879365497165, 0.839989529715644, 0.8510326080852084, 0.8119802011383904, 0.8540523184670342, 0.8354048464033339, 0.8319926394356622, 0.8425701856613159, 0.8667103383276198, 0.8348725967937045, 0.8283599813779196, 0.8352581593725417, 0.8168706893920898, 0.8446254730224609, 0.8214499685499403, 0.8170520133442349, 0.8242721226480272, 0.826744430594974, 0.8203602830568949, 0.8135462668206956, 0.8243808613883125, 0.8204166955418057, 0.8183336324161954, 0.8166925443543328]}