{"train_loss": [2.1192953237017296, 2.0515434562711787, 1.9990558471894802, 1.9581418691721177, 1.9190898784121175, 1.8760603128519273, 1.8504664440800374, 1.8104398116133267, 1.756536414748744, 1.7304646448981493, 1.7050752146799761, 1.7086963474302364, 1.6576846497399467, 1.6297273250450766, 1.5952178974796956, 1.5798540411138893, 1.5468715823682628, 1.550607623014235, 1.5148107503589832, 1.5160894886891645, 1.5093160374720294, 1.4882338190437259, 1.4773409411423188, 1.4739257482657755, 1.468604856863954, 1.4443414610131342, 1.4173517289914583, 1.4240493433816093, 1.386916798756535, 1.3750641865837843, 1.3948280712715666, 1.3876994565913552, 1.3208991862777482, 1.343014859615412, 1.324769543525868, 1.307299094092577, 1.3242504717712116, 1.306659267809158, 1.2905146188305734, 1.2875532476525557, 1.28640203547657, 1.3037254008135402, 1.3015115852642776, 1.263352718568386, 1.2324198963946866, 1.2652401637313957, 1.2656747774970263, 1.214667911368205, 1.2225562190650998, 1.2229455328525458, 1.2245704334481318, 1.2080728998757844, 1.2263226558391314, 1.2144211252829187, 1.2042331323587805, 1.2021799643236892, 1.2059692332619114, 1.212314226125416, 1.1750416939419912, 1.2310048296935576, 1.2210681223331536, 1.1752926985124, 1.2031949516525842, 1.1855723405242862, 1.177857169979497, 1.198439503970899, 1.2125172014523269, 1.2045489518265975, 1.2104253742031585, 1.1773425022462256, 1.2072430468143378, 1.1717512970580195, 1.2069117108682044, 1.189440687796227, 1.1917589732578822, 1.1960841278384502, 1.1932375032202642, 1.1726367782829399, 1.216738194003141, 1.1796306869141142], "val_loss": [2.0731459365171543, 1.9848448949701645, 2.020641004337984, 2.125528293497422, 1.9456395892535938, 1.9243327799965353, 1.8097295200123507, 2.110126053585726, 1.8112018388860367, 1.6569454740075504, 1.7434743011699003, 1.9753948660457836, 1.5786817845176249, 1.7217372375376083, 1.9167258178486544, 1.9257682421628166, 1.5143901530434103, 1.3791270185919369, 1.5932410955429077, 1.6451362722060259, 1.5283464964698343, 1.303289350341348, 1.3908957733827478, 1.4404106070013607, 2.0963932345895206, 1.4393650012857773, 1.2891787851558012, 1.759965931668001, 1.818772456225227, 1.7098454377230476, 1.3696989031398998, 1.344620290924521, 1.2286202837439144, 1.4130606721429264, 1.2591498739579146, 1.179988426320693, 1.388234727522906, 1.4026657132541431, 1.1720975567312801, 1.37333266174092, 1.1864242168033825, 1.2112900509553797, 1.2344919653499828, 1.459748716915355, 1.227462698431576, 1.450223312658422, 1.2039847934947294, 1.1827919553307926, 1.2370030318989473, 1.1466251892202042, 1.1683632626253015, 1.2642666452071245, 1.2050379164078657, 1.1780306802076452, 1.1485244175967049, 1.1620594052707447, 1.176385844455046, 1.1969500148997587, 1.1435420723522411, 1.147823361789479, 1.1667189878575943, 1.1821910914252787, 1.1388263562146355, 1.2000396041309132, 1.1669625394484575, 1.1521372374366312, 1.1895084100611069, 1.1241784481441273, 1.154286868431989, 1.1571940183639526, 1.1749671907985912, 1.1583683490753174, 1.1585632352267994, 1.1613659087349386, 1.1365591147366692, 1.1457642667433794, 1.1770861499449785, 1.1571482980952543, 1.1654756209429573, 1.142175555229187]}